LocationType,Location,TimeFrame,DataFormat,Data
Nation,United States,2000,Number,8781000
Nation,United States,2000,Percent,0.36
Nation,United States,2001,Percent,0.37
Nation,United States,2001,Number,9223000
Nation,United States,2002,Number,9739000
Nation,United States,2003,Percent,0.39
Nation,United States,2002,Percent,0.38
Nation,United States,2003,Number,10044000
Nation,United States,2004,Number,10415000
Nation,United States,2004,Percent,0.4
Nation,United States,2005,Percent,0.41
Nation,United States,2005,Number,10663000
Nation,United States,2006,Number,13285000
Nation,United States,2006,Percent,0.45
Nation,United States,2007,Percent,0.46
Nation,United States,2007,Number,13723000
Nation,United States,2008,Number,13897000
Nation,United States,2008,Percent,0.46
Nation,United States,2013,Percent,0.48
Nation,United States,2009,Number,14354000
Nation,United States,2013,Number,15224000
Nation,United States,2009,Percent,0.47
Nation,United States,2010,Percent,0.48
Nation,United States,2010,Number,14886000
Nation,United States,2015,Number,15192000
Nation,United States,2015,Percent,0.48
Nation,United States,2011,Number,15158000
Nation,United States,2011,Percent,0.49
Nation,United States,2012,Percent,0.49
Nation,United States,2012,Number,15408000
Nation,United States,2014,Percent,0.48
Nation,United States,2014,Number,15221000
Nation,United States,2016,Number,15223000
Nation,United States,2016,Percent,0.49
State,Alabama,2016,Percent,0.45
State,Alabama,2016,Number,209000
State,Alabama,2014,Number,204000
State,Alabama,2014,Percent,0.42
State,Alabama,2012,Number,219000
State,Alabama,2011,Percent,0.45
State,Alabama,2012,Percent,0.45
State,Alabama,2011,Number,219000
State,Alabama,2015,Percent,0.45
State,Alabama,2015,Number,209000
State,Alabama,2010,Number,213000
State,Alabama,2009,Percent,0.45
State,Alabama,2010,Percent,0.44
State,Alabama,2013,Number,210000
State,Alabama,2009,Number,208000
State,Alabama,2008,Percent,0.4
State,Alabama,2013,Percent,0.42
State,Alabama,2007,Number,194000
State,Alabama,2008,Number,185000
State,Alabama,2006,Percent,0.41
State,Alabama,2007,Percent,0.42
State,Alabama,2006,Number,188000
State,Alabama,2005,Number,148000
State,Alabama,2004,Percent,0.37
State,Alabama,2005,Percent,0.36
State,Alabama,2003,Number,157000
State,Alabama,2004,Number,154000
State,Alabama,2002,Percent,0.35
State,Alabama,2003,Percent,0.37
State,Alabama,2002,Number,146000
State,Alabama,2001,Number,138000
State,Alabama,2000,Percent,0.28
State,Alabama,2001,Percent,0.35
State,Alabama,2000,Number,105000
State,Alaska,2000,Number,11000
State,Alaska,2000,Percent,0.25
State,Alaska,2001,Percent,0.26
State,Alaska,2002,Number,13000
State,Alaska,2001,Number,14000
State,Alaska,2003,Percent,0.21
State,Alaska,2002,Percent,0.25
State,Alaska,2004,Number,19000
State,Alaska,2003,Number,13000
State,Alaska,2004,Percent,0.29
State,Alaska,2005,Percent,0.23
State,Alaska,2005,Number,15000
State,Alaska,2006,Number,23000
State,Alaska,2007,Percent,0.27
State,Alaska,2006,Percent,0.31
State,Alaska,2008,Number,24000
State,Alaska,2007,Number,22000
State,Alaska,2013,Percent,0.29
State,Alaska,2008,Percent,0.3
State,Alaska,2009,Number,26000
State,Alaska,2013,Number,24000
State,Alaska,2010,Percent,0.3
State,Alaska,2009,Percent,0.31
State,Alaska,2015,Number,25000
State,Alaska,2010,Number,22000
State,Alaska,2015,Percent,0.31
State,Alaska,2011,Number,24000
State,Alaska,2011,Percent,0.32
State,Alaska,2012,Percent,0.3
State,Alaska,2012,Number,24000
State,Alaska,2014,Percent,0.3
State,Alaska,2014,Number,25000
State,Alaska,2016,Number,21000
State,Alaska,2016,Percent,0.27
State,Arizona,2016,Percent,0.43
State,Arizona,2016,Number,292000
State,Arizona,2014,Number,285000
State,Arizona,2014,Percent,0.42
State,Arizona,2012,Number,277000
State,Arizona,2012,Percent,0.42
State,Arizona,2011,Percent,0.41
State,Arizona,2011,Number,268000
State,Arizona,2015,Percent,0.43
State,Arizona,2015,Number,287000
State,Arizona,2010,Percent,0.4
State,Arizona,2009,Percent,0.39
State,Arizona,2010,Number,256000
State,Arizona,2013,Number,274000
State,Arizona,2009,Number,241000
State,Arizona,2008,Percent,0.38
State,Arizona,2013,Percent,0.41
State,Arizona,2007,Number,219000
State,Arizona,2008,Number,226000
State,Arizona,2006,Percent,0.37
State,Arizona,2007,Percent,0.37
State,Arizona,2006,Number,215000
State,Arizona,2005,Number,191000
State,Arizona,2004,Percent,0.37
State,Arizona,2005,Percent,0.35
State,Arizona,2003,Number,178000
State,Arizona,2004,Number,203000
State,Arizona,2002,Percent,0.32
State,Arizona,2003,Percent,0.33
State,Arizona,2002,Number,165000
State,Arizona,2001,Number,145000
State,Arizona,2001,Percent,0.3
State,Arizona,2000,Percent,0.29
State,Arizona,2000,Number,139000
State,Arkansas,2000,Number,72000
State,Arkansas,2001,Percent,0.32
State,Arkansas,2000,Percent,0.31
State,Arkansas,2001,Number,76000
State,Arkansas,2002,Number,78000
State,Arkansas,2002,Percent,0.31
State,Arkansas,2003,Percent,0.31
State,Arkansas,2004,Number,89000
State,Arkansas,2003,Number,81000
State,Arkansas,2005,Percent,0.33
State,Arkansas,2004,Percent,0.35
State,Arkansas,2005,Number,83000
State,Arkansas,2006,Number,105000
State,Arkansas,2007,Percent,0.39
State,Arkansas,2006,Percent,0.39
State,Arkansas,2008,Number,104000
State,Arkansas,2007,Number,105000
State,Arkansas,2013,Percent,0.42
State,Arkansas,2008,Percent,0.37
State,Arkansas,2013,Number,122000
State,Arkansas,2009,Number,106000
State,Arkansas,2010,Number,116000
State,Arkansas,2009,Percent,0.38
State,Arkansas,2010,Percent,0.4
State,Arkansas,2015,Number,123000
State,Arkansas,2015,Percent,0.43
State,Arkansas,2011,Number,117000
State,Arkansas,2012,Percent,0.43
State,Arkansas,2011,Percent,0.41
State,Arkansas,2012,Number,124000
State,Arkansas,2014,Percent,0.42
State,Arkansas,2014,Number,121000
State,Arkansas,2016,Number,122000
State,Arkansas,2016,Percent,0.42
State,California,2016,Percent,0.54
State,California,2016,Number,2077000
State,California,2014,Number,2095000
State,California,2014,Percent,0.52
State,California,2012,Number,2080000
State,California,2011,Percent,0.5
State,California,2012,Percent,0.52
State,California,2011,Number,1996000
State,California,2015,Percent,0.53
State,California,2015,Number,2084000
State,California,2010,Percent,0.5
State,California,2009,Percent,0.48
State,California,2010,Number,1966000
State,California,2009,Number,1811000
State,California,2013,Number,2078000
State,California,2008,Percent,0.47
State,California,2013,Percent,0.52
State,California,2007,Number,1779000
State,California,2008,Number,1834000
State,California,2006,Percent,0.45
State,California,2007,Percent,0.46
State,California,2005,Number,1449000
State,California,2006,Number,1713000
State,California,2004,Percent,0.43
State,California,2005,Percent,0.44
State,California,2003,Number,1413000
State,California,2004,Number,1450000
State,California,2002,Percent,0.43
State,California,2003,Percent,0.43
State,California,2002,Number,1407000
State,California,2001,Number,1269000
State,California,2000,Percent,0.41
State,California,2001,Percent,0.4
State,California,2000,Number,1274000
State,Colorado,2000,Number,143000
State,Colorado,2001,Percent,0.37
State,Colorado,2000,Percent,0.36
State,Colorado,2001,Number,143000
State,Colorado,2002,Number,143000
State,Colorado,2002,Percent,0.35
State,Colorado,2003,Percent,0.37
State,Colorado,2004,Number,178000
State,Colorado,2003,Number,154000
State,Colorado,2004,Percent,0.41
State,Colorado,2005,Percent,0.41
State,Colorado,2006,Number,203000
State,Colorado,2005,Number,173000
State,Colorado,2007,Percent,0.45
State,Colorado,2006,Percent,0.44
State,Colorado,2008,Number,215000
State,Colorado,2007,Number,210000
State,Colorado,2013,Percent,0.48
State,Colorado,2008,Percent,0.46
State,Colorado,2013,Number,245000
State,Colorado,2009,Number,235000
State,Colorado,2010,Number,242000
State,Colorado,2009,Percent,0.47
State,Colorado,2010,Percent,0.49
State,Colorado,2015,Number,246000
State,Colorado,2015,Percent,0.47
State,Colorado,2011,Number,237000
State,Colorado,2012,Percent,0.48
State,Colorado,2011,Percent,0.47
State,Colorado,2012,Number,246000
State,Colorado,2014,Percent,0.48
State,Colorado,2014,Number,251000
State,Colorado,2016,Number,246000
State,Colorado,2016,Percent,0.46
State,Connecticut,2016,Percent,0.59
State,Connecticut,2016,Number,210000
State,Connecticut,2014,Number,200000
State,Connecticut,2014,Percent,0.57
State,Connecticut,2012,Number,191000
State,Connecticut,2011,Percent,0.55
State,Connecticut,2012,Percent,0.56
State,Connecticut,2011,Number,184000
State,Connecticut,2015,Percent,0.57
State,Connecticut,2015,Number,200000
State,Connecticut,2010,Percent,0.56
State,Connecticut,2009,Percent,0.56
State,Connecticut,2010,Number,184000
State,Connecticut,2013,Number,193000
State,Connecticut,2009,Number,191000
State,Connecticut,2008,Percent,0.56
State,Connecticut,2013,Percent,0.56
State,Connecticut,2007,Number,181000
State,Connecticut,2008,Number,182000
State,Connecticut,2006,Percent,0.55
State,Connecticut,2007,Percent,0.56
State,Connecticut,2006,Number,175000
State,Connecticut,2005,Number,122000
State,Connecticut,2005,Percent,0.46
State,Connecticut,2004,Percent,0.46
State,Connecticut,2003,Number,115000
State,Connecticut,2004,Number,119000
State,Connecticut,2003,Percent,0.45
State,Connecticut,2002,Percent,0.46
State,Connecticut,2001,Number,104000
State,Connecticut,2002,Number,112000
State,Connecticut,2000,Percent,0.53
State,Connecticut,2001,Percent,0.44
State,Connecticut,2000,Number,124000
State,Delaware,2000,Number,23000
State,Delaware,2001,Percent,0.41
State,Delaware,2000,Percent,0.35
State,Delaware,2002,Number,23000
State,Delaware,2001,Number,27000
State,Delaware,2002,Percent,0.32
State,Delaware,2003,Percent,0.4
State,Delaware,2004,Number,29000
State,Delaware,2003,Number,27000
State,Delaware,2004,Percent,0.4
State,Delaware,2005,Percent,0.38
State,Delaware,2005,Number,27000
State,Delaware,2006,Number,43000
State,Delaware,2007,Percent,0.5
State,Delaware,2006,Percent,0.52
State,Delaware,2008,Number,42000
State,Delaware,2007,Number,42000
State,Delaware,2013,Percent,0.5
State,Delaware,2008,Percent,0.5
State,Delaware,2009,Number,42000
State,Delaware,2013,Number,46000
State,Delaware,2010,Number,47000
State,Delaware,2009,Percent,0.51
State,Delaware,2010,Percent,0.5
State,Delaware,2015,Number,46000
State,Delaware,2015,Percent,0.52
State,Delaware,2011,Number,47000
State,Delaware,2012,Percent,0.51
State,Delaware,2011,Percent,0.51
State,Delaware,2012,Number,48000
State,Delaware,2014,Percent,0.5
State,Delaware,2014,Number,45000
State,Delaware,2016,Number,41000
State,Delaware,2016,Percent,0.48
City,District of Columbia,2016,Percent,0.67
City,District of Columbia,2016,Number,54000
City,District of Columbia,2014,Number,55000
City,District of Columbia,2014,Percent,0.68
City,District of Columbia,2012,Number,54000
City,District of Columbia,2011,Percent,0.68
City,District of Columbia,2012,Percent,0.65
City,District of Columbia,2011,Number,57000
City,District of Columbia,2015,Percent,0.72
City,District of Columbia,2015,Number,59000
City,District of Columbia,2009,Percent,0.61
City,District of Columbia,2010,Percent,0.67
City,District of Columbia,2010,Number,58000
City,District of Columbia,2013,Number,55000
City,District of Columbia,2009,Number,44000
City,District of Columbia,2008,Percent,0.65
City,District of Columbia,2013,Percent,0.67
City,District of Columbia,2007,Number,44000
City,District of Columbia,2008,Number,50000
City,District of Columbia,2007,Percent,0.6
City,District of Columbia,2006,Percent,0.6
City,District of Columbia,2006,Number,42000
City,District of Columbia,2005,Number,18000
City,District of Columbia,2005,Percent,0.57
City,District of Columbia,2004,Percent,0.52
City,District of Columbia,2004,Number,20000
City,District of Columbia,2003,Number,16000
City,District of Columbia,2003,Percent,0.36
City,District of Columbia,2002,Percent,0.42
City,District of Columbia,2001,Number,24000
City,District of Columbia,2002,Number,19000
City,District of Columbia,2000,Percent,0.48
City,District of Columbia,2001,Percent,0.51
City,District of Columbia,2000,Number,26000
State,Florida,2000,Number,435000
State,Florida,2001,Percent,0.37
State,Florida,2000,Percent,0.36
State,Florida,2001,Number,470000
State,Florida,2002,Number,473000
State,Florida,2003,Percent,0.38
State,Florida,2002,Percent,0.37
State,Florida,2003,Number,528000
State,Florida,2004,Number,537000
State,Florida,2004,Percent,0.37
State,Florida,2005,Percent,0.38
State,Florida,2005,Number,564000
State,Florida,2006,Number,639000
State,Florida,2006,Percent,0.4
State,Florida,2007,Percent,0.42
State,Florida,2008,Number,685000
State,Florida,2007,Number,684000
State,Florida,2013,Percent,0.45
State,Florida,2008,Percent,0.42
State,Florida,2009,Number,742000
State,Florida,2013,Number,810000
State,Florida,2010,Number,820000
State,Florida,2009,Percent,0.44
State,Florida,2010,Percent,0.46
State,Florida,2015,Number,830000
State,Florida,2015,Percent,0.47
State,Florida,2011,Number,845000
State,Florida,2012,Percent,0.48
State,Florida,2011,Percent,0.47
State,Florida,2012,Number,865000
State,Florida,2014,Percent,0.45
State,Florida,2014,Number,815000
State,Florida,2016,Number,826000
State,Florida,2016,Percent,0.47
State,Georgia,2016,Percent,0.45
State,Georgia,2016,Number,452000
State,Georgia,2014,Number,452000
State,Georgia,2014,Percent,0.44
State,Georgia,2012,Number,455000
State,Georgia,2011,Percent,0.44
State,Georgia,2012,Percent,0.45
State,Georgia,2011,Number,444000
State,Georgia,2015,Percent,0.43
State,Georgia,2015,Number,446000
State,Georgia,2010,Percent,0.42
State,Georgia,2009,Percent,0.43
State,Georgia,2010,Number,417000
State,Georgia,2013,Number,451000
State,Georgia,2009,Number,435000
State,Georgia,2008,Percent,0.4
State,Georgia,2013,Percent,0.44
State,Georgia,2007,Number,389000
State,Georgia,2008,Number,377000
State,Georgia,2007,Percent,0.41
State,Georgia,2006,Percent,0.39
State,Georgia,2006,Number,370000
State,Georgia,2005,Number,300000
State,Georgia,2005,Percent,0.36
State,Georgia,2004,Percent,0.29
State,Georgia,2004,Number,237000
State,Georgia,2003,Number,251000
State,Georgia,2002,Percent,0.31
State,Georgia,2003,Percent,0.32
State,Georgia,2001,Number,209000
State,Georgia,2002,Number,242000
State,Georgia,2000,Percent,0.26
State,Georgia,2001,Percent,0.27
State,Georgia,2000,Number,189000
State,Hawaii,2000,Number,39000
State,Hawaii,2001,Percent,0.4
State,Hawaii,2000,Percent,0.46
State,Hawaii,2002,Number,40000
State,Hawaii,2001,Number,41000
State,Hawaii,2002,Percent,0.38
State,Hawaii,2003,Percent,0.4
State,Hawaii,2003,Number,44000
State,Hawaii,2004,Number,42000
State,Hawaii,2004,Percent,0.39
State,Hawaii,2005,Percent,0.41
State,Hawaii,2005,Number,45000
State,Hawaii,2006,Number,46000
State,Hawaii,2006,Percent,0.37
State,Hawaii,2007,Percent,0.4
State,Hawaii,2008,Number,50000
State,Hawaii,2007,Number,49000
State,Hawaii,2008,Percent,0.38
State,Hawaii,2013,Percent,0.44
State,Hawaii,2009,Number,48000
State,Hawaii,2013,Number,61000
State,Hawaii,2010,Number,57000
State,Hawaii,2009,Percent,0.39
State,Hawaii,2010,Percent,0.43
State,Hawaii,2015,Number,57000
State,Hawaii,2015,Percent,0.42
State,Hawaii,2011,Number,52000
State,Hawaii,2012,Percent,0.41
State,Hawaii,2011,Percent,0.39
State,Hawaii,2012,Number,57000
State,Hawaii,2014,Percent,0.4
State,Hawaii,2014,Number,54000
State,Hawaii,2016,Number,55000
State,Hawaii,2016,Percent,0.42
State,Idaho,2016,Percent,0.43
State,Idaho,2016,Number,68000
State,Idaho,2014,Number,64000
State,Idaho,2014,Percent,0.41
State,Idaho,2012,Number,66000
State,Idaho,2011,Percent,0.45
State,Idaho,2012,Percent,0.42
State,Idaho,2011,Number,71000
State,Idaho,2015,Percent,0.41
State,Idaho,2015,Number,64000
State,Idaho,2010,Percent,0.43
State,Idaho,2009,Percent,0.38
State,Idaho,2010,Number,67000
State,Idaho,2013,Number,63000
State,Idaho,2009,Number,62000
State,Idaho,2008,Percent,0.38
State,Idaho,2013,Percent,0.4
State,Idaho,2007,Number,52000
State,Idaho,2008,Number,58000
State,Idaho,2007,Percent,0.36
State,Idaho,2006,Percent,0.37
State,Idaho,2006,Number,56000
State,Idaho,2005,Number,48000
State,Idaho,2004,Percent,0.35
State,Idaho,2005,Percent,0.33
State,Idaho,2004,Number,51000
State,Idaho,2003,Number,47000
State,Idaho,2002,Percent,0.38
State,Idaho,2003,Percent,0.33
State,Idaho,2001,Number,38000
State,Idaho,2002,Number,51000
State,Idaho,2000,Percent,0.27
State,Idaho,2001,Percent,0.29
State,Idaho,2000,Number,33000
State,Illinois,2000,Number,453000
State,Illinois,2000,Percent,0.41
State,Illinois,2001,Percent,0.4
State,Illinois,2002,Number,470000
State,Illinois,2001,Number,446000
State,Illinois,2003,Percent,0.43
State,Illinois,2002,Percent,0.43
State,Illinois,2003,Number,477000
State,Illinois,2004,Number,497000
State,Illinois,2005,Percent,0.45
State,Illinois,2004,Percent,0.43
State,Illinois,2005,Number,511000
State,Illinois,2006,Number,620000
State,Illinois,2006,Percent,0.48
State,Illinois,2007,Percent,0.5
State,Illinois,2008,Number,670000
State,Illinois,2007,Number,650000
State,Illinois,2008,Percent,0.51
State,Illinois,2013,Percent,0.52
State,Illinois,2009,Number,662000
State,Illinois,2013,Number,657000
State,Illinois,2010,Number,661000
State,Illinois,2009,Percent,0.51
State,Illinois,2010,Percent,0.53
State,Illinois,2015,Number,637000
State,Illinois,2015,Percent,0.51
State,Illinois,2011,Number,648000
State,Illinois,2012,Percent,0.52
State,Illinois,2011,Percent,0.52
State,Illinois,2012,Number,651000
State,Illinois,2014,Percent,0.52
State,Illinois,2014,Number,653000
State,Illinois,2016,Number,634000
State,Illinois,2016,Percent,0.52
State,Indiana,2016,Percent,0.46
State,Indiana,2016,Number,306000
State,Indiana,2014,Number,308000
State,Indiana,2014,Percent,0.46
State,Indiana,2012,Number,320000
State,Indiana,2011,Percent,0.47
State,Indiana,2012,Percent,0.48
State,Indiana,2011,Number,315000
State,Indiana,2015,Percent,0.47
State,Indiana,2015,Number,316000
State,Indiana,2010,Percent,0.47
State,Indiana,2009,Percent,0.46
State,Indiana,2010,Number,306000
State,Indiana,2013,Number,312000
State,Indiana,2009,Number,295000
State,Indiana,2008,Percent,0.45
State,Indiana,2013,Percent,0.47
State,Indiana,2007,Number,291000
State,Indiana,2008,Number,277000
State,Indiana,2007,Percent,0.47
State,Indiana,2006,Percent,0.44
State,Indiana,2006,Number,272000
State,Indiana,2005,Number,207000
State,Indiana,2004,Percent,0.36
State,Indiana,2005,Percent,0.38
State,Indiana,2004,Number,203000
State,Indiana,2003,Number,201000
State,Indiana,2002,Percent,0.35
State,Indiana,2003,Percent,0.36
State,Indiana,2001,Number,190000
State,Indiana,2002,Number,191000
State,Indiana,2000,Percent,0.33
State,Indiana,2001,Percent,0.33
State,Indiana,2000,Number,170000
State,Iowa,2000,Number,83000
State,Iowa,2000,Percent,0.34
State,Iowa,2001,Percent,0.42
State,Iowa,2002,Number,116000
State,Iowa,2001,Number,108000
State,Iowa,2002,Percent,0.41
State,Iowa,2003,Percent,0.41
State,Iowa,2003,Number,114000
State,Iowa,2004,Number,111000
State,Iowa,2004,Percent,0.41
State,Iowa,2005,Percent,0.43
State,Iowa,2005,Number,114000
State,Iowa,2006,Number,159000
State,Iowa,2006,Percent,0.5
State,Iowa,2007,Percent,0.52
State,Iowa,2008,Number,163000
State,Iowa,2007,Number,155000
State,Iowa,2008,Percent,0.52
State,Iowa,2013,Percent,0.53
State,Iowa,2009,Number,168000
State,Iowa,2013,Number,168000
State,Iowa,2010,Number,162000
State,Iowa,2009,Percent,0.53
State,Iowa,2010,Percent,0.53
State,Iowa,2015,Number,169000
State,Iowa,2015,Percent,0.53
State,Iowa,2011,Number,165000
State,Iowa,2011,Percent,0.53
State,Iowa,2012,Number,166000
State,Iowa,2012,Percent,0.53
State,Iowa,2014,Percent,0.52
State,Iowa,2014,Number,164000
State,Iowa,2016,Number,168000
State,Iowa,2016,Percent,0.52
State,Kansas,2016,Percent,0.48
State,Kansas,2016,Number,145000
State,Kansas,2014,Number,143000
State,Kansas,2014,Percent,0.48
State,Kansas,2012,Number,147000
State,Kansas,2011,Percent,0.5
State,Kansas,2012,Percent,0.49
State,Kansas,2011,Number,149000
State,Kansas,2015,Percent,0.47
State,Kansas,2015,Number,143000
State,Kansas,2010,Percent,0.49
State,Kansas,2009,Percent,0.49
State,Kansas,2010,Number,144000
State,Kansas,2013,Number,148000
State,Kansas,2009,Number,152000
State,Kansas,2013,Percent,0.49
State,Kansas,2008,Percent,0.47
State,Kansas,2008,Number,138000
State,Kansas,2007,Number,138000
State,Kansas,2007,Percent,0.48
State,Kansas,2006,Percent,0.47
State,Kansas,2006,Number,141000
State,Kansas,2005,Number,111000
State,Kansas,2005,Percent,0.42
State,Kansas,2004,Percent,0.46
State,Kansas,2004,Number,116000
State,Kansas,2003,Number,121000
State,Kansas,2003,Percent,0.45
State,Kansas,2002,Percent,0.43
State,Kansas,2001,Number,111000
State,Kansas,2002,Number,110000
State,Kansas,2001,Percent,0.43
State,Kansas,2000,Percent,0.44
State,Kansas,2000,Number,101000
State,Kentucky,2000,Number,117000
State,Kentucky,2000,Percent,0.29
State,Kentucky,2001,Percent,0.31
State,Kentucky,2002,Number,124000
State,Kentucky,2001,Number,111000
State,Kentucky,2002,Percent,0.33
State,Kentucky,2003,Percent,0.35
State,Kentucky,2003,Number,130000
State,Kentucky,2004,Number,130000
State,Kentucky,2004,Percent,0.36
State,Kentucky,2005,Percent,0.36
State,Kentucky,2005,Number,134000
State,Kentucky,2006,Percent,0.41
State,Kentucky,2006,Number,161000
State,Kentucky,2007,Percent,0.41
State,Kentucky,2007,Number,162000
State,Kentucky,2008,Number,158000
State,Kentucky,2008,Percent,0.41
State,Kentucky,2013,Percent,0.44
State,Kentucky,2009,Number,174000
State,Kentucky,2013,Number,186000
State,Kentucky,2010,Number,166000
State,Kentucky,2015,Number,179000
State,Kentucky,2009,Percent,0.41
State,Kentucky,2010,Percent,0.39
State,Kentucky,2015,Percent,0.42
State,Kentucky,2011,Number,185000
State,Kentucky,2011,Percent,0.44
State,Kentucky,2012,Number,182000
State,Kentucky,2012,Percent,0.43
State,Kentucky,2014,Percent,0.43
State,Kentucky,2014,Number,184000
State,Kentucky,2016,Number,188000
State,Kentucky,2016,Percent,0.44
State,Louisiana,2016,Percent,0.41
State,Louisiana,2016,Number,186000
State,Louisiana,2014,Number,193000
State,Louisiana,2014,Percent,0.41
State,Louisiana,2012,Percent,0.41
State,Louisiana,2012,Number,198000
State,Louisiana,2011,Percent,0.42
State,Louisiana,2011,Number,203000
State,Louisiana,2015,Percent,0.41
State,Louisiana,2010,Percent,0.4
State,Louisiana,2009,Percent,0.41
State,Louisiana,2015,Number,188000
State,Louisiana,2010,Number,193000
State,Louisiana,2013,Number,186000
State,Louisiana,2009,Number,194000
State,Louisiana,2013,Percent,0.39
State,Louisiana,2008,Percent,0.4
State,Louisiana,2008,Number,187000
State,Louisiana,2007,Number,181000
State,Louisiana,2007,Percent,0.38
State,Louisiana,2006,Number,177000
State,Louisiana,2006,Percent,0.38
State,Louisiana,2005,Number,167000
State,Louisiana,2005,Percent,0.36
State,Louisiana,2004,Percent,0.39
State,Louisiana,2004,Number,177000
State,Louisiana,2003,Number,156000
State,Louisiana,2003,Percent,0.34
State,Louisiana,2002,Percent,0.34
State,Louisiana,2001,Number,146000
State,Louisiana,2002,Number,155000
State,Louisiana,2001,Percent,0.34
State,Louisiana,2000,Percent,0.36
State,Louisiana,2000,Number,157000
State,Maine,2000,Number,23000
State,Maine,2000,Percent,0.32
State,Maine,2001,Percent,0.32
State,Maine,2002,Number,31000
State,Maine,2001,Number,32000
State,Maine,2002,Percent,0.31
State,Maine,2003,Percent,0.33
State,Maine,2003,Number,34000
State,Maine,2004,Number,42000
State,Maine,2004,Percent,0.39
State,Maine,2005,Percent,0.35
State,Maine,2005,Number,38000
State,Maine,2006,Percent,0.42
State,Maine,2006,Number,49000
State,Maine,2007,Percent,0.48
State,Maine,2007,Number,55000
State,Maine,2008,Number,53000
State,Maine,2008,Percent,0.46
State,Maine,2013,Percent,0.5
State,Maine,2009,Number,58000
State,Maine,2013,Number,57000
State,Maine,2015,Number,54000
State,Maine,2010,Number,56000
State,Maine,2009,Percent,0.47
State,Maine,2010,Percent,0.48
State,Maine,2015,Percent,0.48
State,Maine,2011,Number,56000
State,Maine,2011,Percent,0.49
State,Maine,2012,Number,55000
State,Maine,2012,Percent,0.48
State,Maine,2014,Percent,0.49
State,Maine,2014,Number,55000
State,Maine,2016,Number,58000
State,Maine,2016,Percent,0.53
State,Maryland,2016,Percent,0.54
State,Maryland,2016,Number,297000
State,Maryland,2014,Number,293000
State,Maryland,2014,Percent,0.52
State,Maryland,2012,Percent,0.52
State,Maryland,2012,Number,296000
State,Maryland,2011,Percent,0.53
State,Maryland,2011,Number,299000
State,Maryland,2015,Percent,0.55
State,Maryland,2010,Percent,0.53
State,Maryland,2009,Percent,0.51
State,Maryland,2010,Number,300000
State,Maryland,2015,Number,307000
State,Maryland,2013,Number,303000
State,Maryland,2009,Number,280000
State,Maryland,2013,Percent,0.54
State,Maryland,2008,Percent,0.49
State,Maryland,2008,Number,271000
State,Maryland,2007,Number,283000
State,Maryland,2007,Percent,0.52
State,Maryland,2006,Number,257000
State,Maryland,2006,Percent,0.48
State,Maryland,2005,Number,213000
State,Maryland,2005,Percent,0.44
State,Maryland,2004,Percent,0.44
State,Maryland,2004,Number,210000
State,Maryland,2003,Number,203000
State,Maryland,2003,Percent,0.45
State,Maryland,2002,Percent,0.44
State,Maryland,2001,Number,179000
State,Maryland,2002,Number,194000
State,Maryland,2001,Percent,0.43
State,Maryland,2000,Percent,0.43
State,Maryland,2000,Number,176000
State,Massachusetts,2000,Number,205000
State,Massachusetts,2000,Percent,0.45
State,Massachusetts,2001,Percent,0.48
State,Massachusetts,2002,Number,241000
State,Massachusetts,2001,Number,237000
State,Massachusetts,2002,Percent,0.49
State,Massachusetts,2003,Percent,0.48
State,Massachusetts,2003,Number,228000
State,Massachusetts,2004,Number,224000
State,Massachusetts,2004,Percent,0.46
State,Massachusetts,2005,Percent,0.49
State,Massachusetts,2005,Number,240000
State,Massachusetts,2006,Percent,0.58
State,Massachusetts,2006,Number,376000
State,Massachusetts,2007,Percent,0.59
State,Massachusetts,2007,Number,386000
State,Massachusetts,2008,Number,401000
State,Massachusetts,2008,Percent,0.6
State,Massachusetts,2013,Percent,0.63
State,Massachusetts,2009,Number,406000
State,Massachusetts,2013,Number,435000
State,Massachusetts,2015,Number,440000
State,Massachusetts,2010,Number,428000
State,Massachusetts,2009,Percent,0.61
State,Massachusetts,2010,Percent,0.63
State,Massachusetts,2015,Percent,0.63
State,Massachusetts,2011,Number,425000
State,Massachusetts,2011,Percent,0.62
State,Massachusetts,2012,Number,434000
State,Massachusetts,2012,Percent,0.63
State,Massachusetts,2014,Percent,0.63
State,Massachusetts,2014,Number,440000
State,Massachusetts,2016,Number,446000
State,Massachusetts,2016,Percent,0.63
State,Michigan,2016,Percent,0.5
State,Michigan,2016,Number,491000
State,Michigan,2014,Number,505000
State,Michigan,2014,Percent,0.5
State,Michigan,2012,Percent,0.51
State,Michigan,2012,Number,506000
State,Michigan,2011,Percent,0.51
State,Michigan,2011,Number,510000
State,Michigan,2015,Percent,0.49
State,Michigan,2010,Percent,0.51
State,Michigan,2009,Percent,0.5
State,Michigan,2010,Number,498000
State,Michigan,2015,Number,483000
State,Michigan,2013,Number,497000
State,Michigan,2009,Number,500000
State,Michigan,2013,Percent,0.49
State,Michigan,2008,Percent,0.5
State,Michigan,2008,Number,493000
State,Michigan,2007,Number,487000
State,Michigan,2007,Percent,0.5
State,Michigan,2006,Percent,0.48
State,Michigan,2006,Number,469000
State,Michigan,2005,Number,395000
State,Michigan,2005,Percent,0.44
State,Michigan,2004,Percent,0.42
State,Michigan,2004,Number,383000
State,Michigan,2003,Number,380000
State,Michigan,2003,Percent,0.42
State,Michigan,2002,Percent,0.41
State,Michigan,2001,Number,347000
State,Michigan,2002,Number,367000
State,Michigan,2001,Percent,0.39
State,Michigan,2000,Percent,0.39
State,Michigan,2000,Number,331000
State,Minnesota,2000,Number,176000
State,Minnesota,2000,Percent,0.37
State,Minnesota,2001,Percent,0.4
State,Minnesota,2002,Number,182000
State,Minnesota,2001,Number,177000
State,Minnesota,2002,Percent,0.4
State,Minnesota,2003,Percent,0.39
State,Minnesota,2003,Number,181000
State,Minnesota,2004,Number,192000
State,Minnesota,2004,Percent,0.41
State,Minnesota,2005,Percent,0.43
State,Minnesota,2005,Number,201000
State,Minnesota,2006,Number,250000
State,Minnesota,2006,Percent,0.48
State,Minnesota,2007,Percent,0.49
State,Minnesota,2007,Number,248000
State,Minnesota,2008,Number,257000
State,Minnesota,2008,Percent,0.5
State,Minnesota,2013,Percent,0.51
State,Minnesota,2009,Number,261000
State,Minnesota,2013,Number,257000
State,Minnesota,2015,Number,251000
State,Minnesota,2010,Number,265000
State,Minnesota,2009,Percent,0.5
State,Minnesota,2010,Percent,0.53
State,Minnesota,2015,Percent,0.5
State,Minnesota,2011,Percent,0.51
State,Minnesota,2011,Number,260000
State,Minnesota,2012,Number,265000
State,Minnesota,2012,Percent,0.53
State,Minnesota,2014,Percent,0.51
State,Minnesota,2014,Number,255000
State,Minnesota,2016,Number,264000
State,Minnesota,2016,Percent,0.52
State,Mississippi,2016,Percent,0.43
State,Mississippi,2016,Number,134000
State,Mississippi,2014,Number,139000
State,Mississippi,2014,Percent,0.45
State,Mississippi,2012,Percent,0.44
State,Mississippi,2012,Number,143000
State,Mississippi,2011,Percent,0.46
State,Mississippi,2015,Percent,0.43
State,Mississippi,2011,Number,143000
State,Mississippi,2010,Percent,0.42
State,Mississippi,2010,Number,132000
State,Mississippi,2015,Number,134000
State,Mississippi,2013,Number,144000
State,Mississippi,2009,Number,134000
State,Mississippi,2009,Percent,0.42
State,Mississippi,2013,Percent,0.44
State,Mississippi,2008,Percent,0.44
State,Mississippi,2008,Number,137000
State,Mississippi,2007,Number,123000
State,Mississippi,2007,Percent,0.39
State,Mississippi,2006,Percent,0.39
State,Mississippi,2006,Number,123000
State,Mississippi,2005,Number,94000
State,Mississippi,2005,Percent,0.33
State,Mississippi,2004,Percent,0.35
State,Mississippi,2004,Number,100000
State,Mississippi,2003,Number,96000
State,Mississippi,2003,Percent,0.34
State,Mississippi,2002,Percent,0.33
State,Mississippi,2001,Number,86000
State,Mississippi,2002,Number,93000
State,Mississippi,2001,Percent,0.31
State,Mississippi,2000,Percent,0.36
State,Mississippi,2000,Number,97000
State,Missouri,2000,Number,172000
State,Missouri,2000,Percent,0.36
State,Missouri,2001,Percent,0.37
State,Missouri,2002,Percent,0.36
State,Missouri,2001,Number,178000
State,Missouri,2002,Number,183000
State,Missouri,2003,Percent,0.39
State,Missouri,2003,Number,203000
State,Missouri,2004,Number,216000
State,Missouri,2004,Percent,0.4
State,Missouri,2005,Percent,0.38
State,Missouri,2005,Number,202000
State,Missouri,2006,Number,241000
State,Missouri,2006,Percent,0.42
State,Missouri,2007,Percent,0.43
State,Missouri,2007,Number,244000
State,Missouri,2008,Number,252000
State,Missouri,2008,Percent,0.44
State,Missouri,2013,Percent,0.47
State,Missouri,2009,Percent,0.44
State,Missouri,2009,Number,264000
State,Missouri,2013,Number,280000
State,Missouri,2015,Number,271000
State,Missouri,2010,Number,275000
State,Missouri,2010,Percent,0.46
State,Missouri,2015,Percent,0.46
State,Missouri,2011,Percent,0.47
State,Missouri,2011,Number,278000
State,Missouri,2012,Percent,0.47
State,Missouri,2012,Number,278000
State,Missouri,2014,Percent,0.47
State,Missouri,2014,Number,282000
State,Missouri,2016,Number,267000
State,Missouri,2016,Percent,0.46
State,Montana,2016,Percent,0.43
State,Montana,2016,Number,43000
State,Montana,2014,Number,41000
State,Montana,2014,Percent,0.4
State,Montana,2012,Number,40000
State,Montana,2012,Percent,0.41
State,Montana,2011,Number,44000
State,Montana,2011,Percent,0.44
State,Montana,2015,Percent,0.38
State,Montana,2010,Percent,0.46
State,Montana,2010,Number,43000
State,Montana,2015,Number,38000
State,Montana,2013,Number,42000
State,Montana,2009,Number,47000
State,Montana,2009,Percent,0.45
State,Montana,2013,Percent,0.42
State,Montana,2008,Percent,0.39
State,Montana,2008,Number,38000
State,Montana,2007,Number,40000
State,Montana,2007,Percent,0.42
State,Montana,2006,Percent,0.41
State,Montana,2006,Number,39000
State,Montana,2005,Number,31000
State,Montana,2005,Percent,0.35
State,Montana,2004,Percent,0.31
State,Montana,2004,Number,27000
State,Montana,2003,Number,29000
State,Montana,2003,Percent,0.32
State,Montana,2001,Number,28000
State,Montana,2002,Percent,0.34
State,Montana,2002,Number,28000
State,Montana,2001,Percent,0.35
State,Montana,2000,Percent,0.29
State,Montana,2000,Number,21000
State,Nebraska,2000,Number,55000
State,Nebraska,2000,Percent,0.38
State,Nebraska,2001,Percent,0.42
State,Nebraska,2002,Number,68000
State,Nebraska,2002,Percent,0.4
State,Nebraska,2001,Number,67000
State,Nebraska,2003,Percent,0.37
State,Nebraska,2003,Number,60000
State,Nebraska,2004,Number,73000
State,Nebraska,2004,Percent,0.44
State,Nebraska,2005,Percent,0.41
State,Nebraska,2005,Number,69000
State,Nebraska,2006,Number,87000
State,Nebraska,2006,Percent,0.46
State,Nebraska,2007,Number,91000
State,Nebraska,2007,Percent,0.49
State,Nebraska,2008,Number,92000
State,Nebraska,2008,Percent,0.5
State,Nebraska,2013,Percent,0.53
State,Nebraska,2009,Percent,0.49
State,Nebraska,2009,Number,96000
State,Nebraska,2013,Number,100000
State,Nebraska,2015,Number,96000
State,Nebraska,2010,Number,100000
State,Nebraska,2010,Percent,0.54
State,Nebraska,2015,Percent,0.5
State,Nebraska,2011,Percent,0.53
State,Nebraska,2011,Number,99000
State,Nebraska,2012,Percent,0.52
State,Nebraska,2012,Number,96000
State,Nebraska,2014,Percent,0.49
State,Nebraska,2014,Number,93000
State,Nebraska,2016,Number,96000
State,Nebraska,2016,Percent,0.51
State,Nevada,2016,Percent,0.34
State,Nevada,2016,Number,87000
State,Nevada,2014,Number,90000
State,Nevada,2014,Percent,0.35
State,Nevada,2012,Number,91000
State,Nevada,2012,Percent,0.36
State,Nevada,2011,Number,95000
State,Nevada,2011,Percent,0.38
State,Nevada,2015,Percent,0.35
State,Nevada,2010,Percent,0.33
State,Nevada,2010,Number,81000
State,Nevada,2015,Number,90000
State,Nevada,2013,Number,87000
State,Nevada,2009,Number,76000
State,Nevada,2009,Percent,0.33
State,Nevada,2013,Percent,0.34
State,Nevada,2008,Percent,0.33
State,Nevada,2008,Number,72000
State,Nevada,2007,Number,66000
State,Nevada,2007,Percent,0.31
State,Nevada,2006,Percent,0.3
State,Nevada,2006,Number,65000
State,Nevada,2005,Number,63000
State,Nevada,2005,Percent,0.3
State,Nevada,2004,Percent,0.26
State,Nevada,2004,Number,51000
State,Nevada,2003,Number,57000
State,Nevada,2003,Percent,0.29
State,Nevada,2001,Number,46000
State,Nevada,2002,Percent,0.28
State,Nevada,2002,Number,51000
State,Nevada,2001,Percent,0.26
State,Nevada,2000,Percent,0.19
State,Nevada,2000,Number,32000
State,New Hampshire,2000,Number,32000
State,New Hampshire,2000,Percent,0.36
State,New Hampshire,2001,Percent,0.35
State,New Hampshire,2002,Number,34000
State,New Hampshire,2002,Percent,0.36
State,New Hampshire,2001,Number,32000
State,New Hampshire,2003,Percent,0.44
State,New Hampshire,2003,Number,45000
State,New Hampshire,2004,Number,44000
State,New Hampshire,2004,Percent,0.43
State,New Hampshire,2005,Percent,0.41
State,New Hampshire,2005,Number,42000
State,New Hampshire,2006,Number,63000
State,New Hampshire,2006,Percent,0.52
State,New Hampshire,2007,Percent,0.54
State,New Hampshire,2007,Number,65000
State,New Hampshire,2008,Number,64000
State,New Hampshire,2008,Percent,0.53
State,New Hampshire,2013,Percent,0.55
State,New Hampshire,2009,Percent,0.5
State,New Hampshire,2009,Number,66000
State,New Hampshire,2013,Number,70000
State,New Hampshire,2015,Number,68000
State,New Hampshire,2010,Number,64000
State,New Hampshire,2010,Percent,0.52
State,New Hampshire,2015,Percent,0.52
State,New Hampshire,2011,Percent,0.52
State,New Hampshire,2011,Number,65000
State,New Hampshire,2012,Percent,0.55
State,New Hampshire,2012,Number,69000
State,New Hampshire,2014,Percent,0.53
State,New Hampshire,2014,Number,68000
State,New Hampshire,2016,Number,70000
State,New Hampshire,2016,Percent,0.55
State,New Jersey,2016,Percent,0.57
State,New Jersey,2016,Number,446000
State,New Jersey,2014,Number,436000
State,New Jersey,2014,Percent,0.55
State,New Jersey,2012,Number,436000
State,New Jersey,2012,Percent,0.55
State,New Jersey,2011,Number,428000
State,New Jersey,2011,Percent,0.55
State,New Jersey,2015,Percent,0.56
State,New Jersey,2010,Percent,0.54
State,New Jersey,2010,Number,417000
State,New Jersey,2015,Number,443000
State,New Jersey,2013,Number,431000
State,New Jersey,2009,Number,394000
State,New Jersey,2009,Percent,0.52
State,New Jersey,2013,Percent,0.54
State,New Jersey,2008,Percent,0.53
State,New Jersey,2008,Number,409000
State,New Jersey,2007,Number,410000
State,New Jersey,2007,Percent,0.53
State,New Jersey,2006,Percent,0.52
State,New Jersey,2006,Number,394000
State,New Jersey,2005,Number,343000
State,New Jersey,2005,Percent,0.49
State,New Jersey,2004,Percent,0.47
State,New Jersey,2004,Number,327000
State,New Jersey,2003,Number,302000
State,New Jersey,2003,Percent,0.46
State,New Jersey,2001,Number,272000
State,New Jersey,2002,Percent,0.43
State,New Jersey,2002,Number,271000
State,New Jersey,2001,Percent,0.43
State,New Jersey,2000,Percent,0.42
State,New Jersey,2000,Number,256000
State,New Mexico,2000,Number,47000
State,New Mexico,2000,Percent,0.28
State,New Mexico,2001,Percent,0.31
State,New Mexico,2002,Number,51000
State,New Mexico,2002,Percent,0.3
State,New Mexico,2001,Number,54000
State,New Mexico,2003,Percent,0.29
State,New Mexico,2003,Number,53000
State,New Mexico,2004,Number,68000
State,New Mexico,2004,Percent,0.36
State,New Mexico,2005,Percent,0.34
State,New Mexico,2005,Number,66000
State,New Mexico,2006,Number,75000
State,New Mexico,2006,Percent,0.37
State,New Mexico,2007,Percent,0.37
State,New Mexico,2007,Number,76000
State,New Mexico,2008,Number,75000
State,New Mexico,2008,Percent,0.36
State,New Mexico,2013,Percent,0.38
State,New Mexico,2009,Percent,0.36
State,New Mexico,2009,Number,74000
State,New Mexico,2013,Number,82000
State,New Mexico,2015,Number,82000
State,New Mexico,2010,Number,84000
State,New Mexico,2010,Percent,0.41
State,New Mexico,2015,Percent,0.39
State,New Mexico,2011,Percent,0.42
State,New Mexico,2011,Number,88000
State,New Mexico,2012,Percent,0.39
State,New Mexico,2012,Number,81000
State,New Mexico,2014,Percent,0.4
State,New Mexico,2014,Number,84000
State,New Mexico,2016,Number,80000
State,New Mexico,2016,Percent,0.4
State,New York,2016,Percent,0.58
State,New York,2016,Number,1118000
State,New York,2014,Number,1117000
State,New York,2014,Percent,0.56
State,New York,2012,Number,1158000
State,New York,2012,Percent,0.58
State,New York,2011,Number,1124000
State,New York,2011,Percent,0.57
State,New York,2015,Percent,0.58
State,New York,2010,Percent,0.56
State,New York,2010,Number,1124000
State,New York,2015,Number,1128000
State,New York,2013,Number,1130000
State,New York,2009,Number,1075000
State,New York,2009,Percent,0.56
State,New York,2013,Percent,0.57
State,New York,2008,Percent,0.55
State,New York,2008,Number,1106000
State,New York,2007,Number,1090000
State,New York,2007,Percent,0.55
State,New York,2006,Percent,0.54
State,New York,2006,Number,1053000
State,New York,2005,Number,766000
State,New York,2005,Percent,0.48
State,New York,2004,Percent,0.46
State,New York,2004,Number,738000
State,New York,2003,Number,753000
State,New York,2003,Percent,0.47
State,New York,2001,Number,700000
State,New York,2002,Percent,0.44
State,New York,2002,Number,710000
State,New York,2001,Percent,0.44
State,New York,2000,Percent,0.42
State,New York,2000,Number,681000
State,North Carolina,2000,Number,242000
State,North Carolina,2000,Percent,0.33
State,North Carolina,2001,Percent,0.35
State,North Carolina,2002,Number,244000
State,North Carolina,2002,Percent,0.35
State,North Carolina,2001,Number,243000
State,North Carolina,2003,Percent,0.34
State,North Carolina,2003,Number,246000
State,North Carolina,2004,Number,263000
State,North Carolina,2004,Percent,0.38
State,North Carolina,2005,Percent,0.39
State,North Carolina,2005,Number,275000
State,North Carolina,2006,Number,373000
State,North Carolina,2006,Percent,0.44
State,North Carolina,2007,Percent,0.43
State,North Carolina,2007,Number,386000
State,North Carolina,2008,Number,390000
State,North Carolina,2008,Percent,0.44
State,North Carolina,2013,Percent,0.46
State,North Carolina,2009,Percent,0.45
State,North Carolina,2009,Number,427000
State,North Carolina,2013,Number,455000
State,North Carolina,2010,Number,431000
State,North Carolina,2010,Percent,0.45
State,North Carolina,2015,Percent,0.45
State,North Carolina,2015,Number,451000
State,North Carolina,2011,Percent,0.46
State,North Carolina,2011,Number,447000
State,North Carolina,2012,Number,449000
State,North Carolina,2012,Percent,0.46
State,North Carolina,2014,Percent,0.47
State,North Carolina,2014,Number,462000
State,North Carolina,2016,Number,446000
State,North Carolina,2016,Percent,0.46
State,North Dakota,2016,Percent,0.49
State,North Dakota,2016,Number,43000
State,North Dakota,2014,Number,46000
State,North Dakota,2014,Percent,0.5
State,North Dakota,2012,Number,45000
State,North Dakota,2012,Percent,0.51
State,North Dakota,2011,Number,44000
State,North Dakota,2011,Percent,0.52
State,North Dakota,2015,Number,47000
State,North Dakota,2015,Percent,0.51
State,North Dakota,2010,Percent,0.56
State,North Dakota,2010,Number,45000
State,North Dakota,2013,Number,49000
State,North Dakota,2009,Number,46000
State,North Dakota,2009,Percent,0.54
State,North Dakota,2013,Percent,0.51
State,North Dakota,2008,Percent,0.54
State,North Dakota,2008,Number,44000
State,North Dakota,2007,Number,44000
State,North Dakota,2007,Percent,0.53
State,North Dakota,2006,Percent,0.54
State,North Dakota,2006,Number,45000
State,North Dakota,2005,Number,27000
State,North Dakota,2005,Percent,0.44
State,North Dakota,2004,Percent,0.45
State,North Dakota,2004,Number,28000
State,North Dakota,2003,Number,25000
State,North Dakota,2003,Percent,0.41
State,North Dakota,2001,Number,27000
State,North Dakota,2002,Percent,0.48
State,North Dakota,2002,Number,30000
State,North Dakota,2001,Percent,0.41
State,North Dakota,2000,Percent,0.47
State,North Dakota,2000,Number,27000
State,Ohio,2000,Number,316000
State,Ohio,2000,Percent,0.33
State,Ohio,2001,Percent,0.35
State,Ohio,2002,Number,369000
State,Ohio,2002,Percent,0.37
State,Ohio,2001,Number,339000
State,Ohio,2003,Percent,0.37
State,Ohio,2003,Number,367000
State,Ohio,2004,Number,398000
State,Ohio,2004,Percent,0.39
State,Ohio,2005,Percent,0.4
State,Ohio,2005,Number,400000
State,Ohio,2006,Number,515000
State,Ohio,2006,Percent,0.47
State,Ohio,2007,Percent,0.47
State,Ohio,2007,Number,513000
State,Ohio,2008,Number,515000
State,Ohio,2008,Percent,0.47
State,Ohio,2013,Percent,0.47
State,Ohio,2009,Percent,0.47
State,Ohio,2009,Number,515000
State,Ohio,2013,Number,529000
State,Ohio,2010,Number,530000
State,Ohio,2010,Percent,0.48
State,Ohio,2015,Percent,0.46
State,Ohio,2015,Number,505000
State,Ohio,2011,Percent,0.49
State,Ohio,2011,Number,537000
State,Ohio,2012,Percent,0.48
State,Ohio,2012,Number,535000
State,Ohio,2014,Percent,0.47
State,Ohio,2014,Number,513000
State,Ohio,2016,Number,512000
State,Ohio,2016,Percent,0.47
State,Oklahoma,2016,Percent,0.4
State,Oklahoma,2016,Number,156000
State,Oklahoma,2014,Number,155000
State,Oklahoma,2014,Percent,0.39
State,Oklahoma,2012,Number,156000
State,Oklahoma,2012,Percent,0.4
State,Oklahoma,2011,Number,154000
State,Oklahoma,2011,Percent,0.4
State,Oklahoma,2015,Number,158000
State,Oklahoma,2015,Percent,0.4
State,Oklahoma,2010,Percent,0.41
State,Oklahoma,2010,Number,158000
State,Oklahoma,2013,Number,155000
State,Oklahoma,2009,Number,161000
State,Oklahoma,2009,Percent,0.41
State,Oklahoma,2013,Percent,0.39
State,Oklahoma,2008,Percent,0.39
State,Oklahoma,2008,Number,149000
State,Oklahoma,2007,Number,148000
State,Oklahoma,2007,Percent,0.39
State,Oklahoma,2006,Percent,0.38
State,Oklahoma,2006,Number,143000
State,Oklahoma,2005,Number,123000
State,Oklahoma,2005,Percent,0.36
State,Oklahoma,2004,Percent,0.37
State,Oklahoma,2004,Number,123000
State,Oklahoma,2003,Number,100000
State,Oklahoma,2003,Percent,0.3
State,Oklahoma,2001,Number,103000
State,Oklahoma,2002,Percent,0.33
State,Oklahoma,2002,Number,110000
State,Oklahoma,2001,Percent,0.31
State,Oklahoma,2000,Percent,0.3
State,Oklahoma,2000,Number,97000
State,Oregon,2000,Number,105000
State,Oregon,2000,Percent,0.35
State,Oregon,2001,Percent,0.32
State,Oregon,2002,Number,111000
State,Oregon,2002,Percent,0.37
State,Oregon,2001,Number,98000
State,Oregon,2003,Percent,0.37
State,Oregon,2003,Number,118000
State,Oregon,2004,Number,106000
State,Oregon,2004,Percent,0.33
State,Oregon,2005,Percent,0.37
State,Oregon,2005,Number,120000
State,Oregon,2006,Number,139000
State,Oregon,2006,Percent,0.41
State,Oregon,2007,Percent,0.42
State,Oregon,2007,Number,142000
State,Oregon,2008,Number,138000
State,Oregon,2008,Percent,0.4
State,Oregon,2013,Percent,0.45
State,Oregon,2009,Percent,0.43
State,Oregon,2009,Number,159000
State,Oregon,2013,Number,165000
State,Oregon,2010,Number,164000
State,Oregon,2010,Percent,0.46
State,Oregon,2015,Percent,0.43
State,Oregon,2015,Number,157000
State,Oregon,2011,Percent,0.45
State,Oregon,2011,Number,166000
State,Oregon,2012,Number,174000
State,Oregon,2014,Percent,0.44
State,Oregon,2012,Percent,0.47
State,Oregon,2014,Number,162000
State,Oregon,2016,Number,168000
State,Oregon,2016,Percent,0.46
State,Pennsylvania,2016,Percent,0.52
State,Pennsylvania,2016,Number,613000
State,Pennsylvania,2014,Number,639000
State,Pennsylvania,2014,Percent,0.52
State,Pennsylvania,2012,Number,673000
State,Pennsylvania,2012,Percent,0.53
State,Pennsylvania,2011,Number,673000
State,Pennsylvania,2011,Percent,0.53
State,Pennsylvania,2015,Number,626000
State,Pennsylvania,2015,Percent,0.52
State,Pennsylvania,2010,Percent,0.54
State,Pennsylvania,2010,Number,687000
State,Pennsylvania,2013,Number,639000
State,Pennsylvania,2009,Number,639000
State,Pennsylvania,2009,Percent,0.52
State,Pennsylvania,2013,Percent,0.51
State,Pennsylvania,2008,Percent,0.52
State,Pennsylvania,2008,Number,631000
State,Pennsylvania,2007,Number,636000
State,Pennsylvania,2007,Percent,0.53
State,Pennsylvania,2006,Percent,0.51
State,Pennsylvania,2006,Number,617000
State,Pennsylvania,2005,Number,446000
State,Pennsylvania,2005,Percent,0.45
State,Pennsylvania,2004,Percent,0.4
State,Pennsylvania,2004,Number,399000
State,Pennsylvania,2003,Number,408000
State,Pennsylvania,2003,Percent,0.41
State,Pennsylvania,2001,Number,366000
State,Pennsylvania,2002,Percent,0.4
State,Pennsylvania,2002,Number,395000
State,Pennsylvania,2001,Percent,0.38
State,Pennsylvania,2000,Percent,0.35
State,Pennsylvania,2000,Number,325000
State,Rhode Island,2000,Number,32000
State,Rhode Island,2000,Percent,0.39
State,Rhode Island,2001,Percent,0.45
State,Rhode Island,2002,Number,40000
State,Rhode Island,2002,Percent,0.43
State,Rhode Island,2001,Number,40000
State,Rhode Island,2003,Percent,0.48
State,Rhode Island,2003,Number,45000
State,Rhode Island,2004,Number,44000
State,Rhode Island,2004,Percent,0.5
State,Rhode Island,2005,Percent,0.5
State,Rhode Island,2005,Number,41000
State,Rhode Island,2006,Number,68000
State,Rhode Island,2006,Percent,0.58
State,Rhode Island,2007,Percent,0.62
State,Rhode Island,2007,Number,69000
State,Rhode Island,2008,Number,70000
State,Rhode Island,2008,Percent,0.62
State,Rhode Island,2013,Percent,0.59
State,Rhode Island,2009,Percent,0.59
State,Rhode Island,2009,Number,66000
State,Rhode Island,2013,Number,70000
State,Rhode Island,2010,Number,76000
State,Rhode Island,2010,Percent,0.64
State,Rhode Island,2015,Percent,0.62
State,Rhode Island,2015,Number,71000
State,Rhode Island,2011,Percent,0.63
State,Rhode Island,2011,Number,76000
State,Rhode Island,2012,Number,73000
State,Rhode Island,2014,Percent,0.62
State,Rhode Island,2012,Percent,0.6
State,Rhode Island,2014,Number,72000
State,Rhode Island,2016,Number,71000
State,Rhode Island,2016,Percent,0.62
State,South Carolina,2016,Percent,0.44
State,South Carolina,2016,Number,208000
State,South Carolina,2014,Number,220000
State,South Carolina,2012,Percent,0.44
State,South Carolina,2014,Percent,0.45
State,South Carolina,2012,Number,217000
State,South Carolina,2011,Number,207000
State,South Carolina,2011,Percent,0.43
State,South Carolina,2015,Number,216000
State,South Carolina,2015,Percent,0.44
State,South Carolina,2010,Percent,0.44
State,South Carolina,2010,Number,213000
State,South Carolina,2013,Number,221000
State,South Carolina,2009,Number,194000
State,South Carolina,2009,Percent,0.42
State,South Carolina,2013,Percent,0.44
State,South Carolina,2008,Percent,0.42
State,South Carolina,2008,Number,189000
State,South Carolina,2007,Number,181000
State,South Carolina,2007,Percent,0.41
State,South Carolina,2006,Percent,0.4
State,South Carolina,2006,Number,175000
State,South Carolina,2005,Number,126000
State,South Carolina,2005,Percent,0.34
State,South Carolina,2004,Percent,0.34
State,South Carolina,2004,Number,127000
State,South Carolina,2003,Number,136000
State,South Carolina,2003,Percent,0.38
State,South Carolina,2001,Number,113000
State,South Carolina,2002,Percent,0.35
State,South Carolina,2002,Number,132000
State,South Carolina,2001,Percent,0.33
State,South Carolina,2000,Percent,0.26
State,South Carolina,2000,Number,86000
State,South Dakota,2000,Number,21000
State,South Dakota,2000,Percent,0.32
State,South Dakota,2001,Percent,0.37
State,South Dakota,2002,Number,27000
State,South Dakota,2002,Percent,0.38
State,South Dakota,2001,Number,27000
State,South Dakota,2003,Number,26000
State,South Dakota,2003,Percent,0.35
State,South Dakota,2004,Number,26000
State,South Dakota,2004,Percent,0.36
State,South Dakota,2005,Percent,0.37
State,South Dakota,2005,Number,28000
State,South Dakota,2006,Number,36000
State,South Dakota,2006,Percent,0.43
State,South Dakota,2007,Percent,0.43
State,South Dakota,2007,Number,38000
State,South Dakota,2008,Number,35000
State,South Dakota,2008,Percent,0.42
State,South Dakota,2013,Percent,0.44
State,South Dakota,2009,Percent,0.45
State,South Dakota,2009,Number,40000
State,South Dakota,2013,Number,38000
State,South Dakota,2010,Number,38000
State,South Dakota,2010,Percent,0.46
State,South Dakota,2015,Percent,0.46
State,South Dakota,2015,Number,39000
State,South Dakota,2011,Percent,0.49
State,South Dakota,2011,Number,41000
State,South Dakota,2012,Number,40000
State,South Dakota,2012,Percent,0.47
State,South Dakota,2014,Percent,0.44
State,South Dakota,2014,Number,38000
State,South Dakota,2016,Number,41000
State,South Dakota,2016,Percent,0.48
State,Tennessee,2014,Percent,0.43
State,Tennessee,2014,Number,271000
State,Tennessee,2016,Number,272000
State,Tennessee,2016,Percent,0.44
State,Tennessee,2012,Percent,0.45
State,Tennessee,2012,Number,279000
State,Tennessee,2011,Number,268000
State,Tennessee,2011,Percent,0.43
State,Tennessee,2015,Number,280000
State,Tennessee,2015,Percent,0.44
State,Tennessee,2010,Percent,0.42
State,Tennessee,2010,Number,259000
State,Tennessee,2013,Number,267000
State,Tennessee,2009,Number,238000
State,Tennessee,2009,Percent,0.4
State,Tennessee,2013,Percent,0.42
State,Tennessee,2008,Percent,0.42
State,Tennessee,2008,Number,233000
State,Tennessee,2007,Number,225000
State,Tennessee,2007,Percent,0.4
State,Tennessee,2006,Percent,0.41
State,Tennessee,2006,Number,226000
State,Tennessee,2005,Number,176000
State,Tennessee,2005,Percent,0.34
State,Tennessee,2004,Percent,0.34
State,Tennessee,2004,Number,175000
State,Tennessee,2003,Number,173000
State,Tennessee,2003,Percent,0.34
State,Tennessee,2001,Number,162000
State,Tennessee,2002,Percent,0.36
State,Tennessee,2002,Number,180000
State,Tennessee,2001,Percent,0.32
State,Tennessee,2000,Percent,0.33
State,Tennessee,2000,Number,154000
State,Texas,2000,Number,620000
State,Texas,2000,Percent,0.31
State,Texas,2001,Percent,0.32
State,Texas,2002,Number,697000
State,Texas,2002,Percent,0.33
State,Texas,2001,Number,668000
State,Texas,2003,Percent,0.32
State,Texas,2003,Number,686000
State,Texas,2004,Number,768000
State,Texas,2004,Percent,0.35
State,Texas,2005,Percent,0.36
State,Texas,2005,Number,792000
State,Texas,2006,Number,930000
State,Texas,2006,Percent,0.38
State,Texas,2007,Percent,0.4
State,Texas,2007,Number,973000
State,Texas,2008,Number,985000
State,Texas,2008,Percent,0.4
State,Texas,2009,Percent,0.41
State,Texas,2009,Number,1026000
State,Texas,2013,Number,1145000
State,Texas,2013,Percent,0.42
State,Texas,2010,Number,1077000
State,Texas,2010,Percent,0.41
State,Texas,2015,Percent,0.42
State,Texas,2015,Number,1172000
State,Texas,2011,Number,1125000
State,Texas,2011,Percent,0.43
State,Texas,2012,Number,1148000
State,Texas,2012,Percent,0.43
State,Texas,2016,Percent,0.43
State,Texas,2016,Number,1205000
State,Texas,2014,Number,1163000
State,Texas,2014,Percent,0.42
State,Utah,2014,Percent,0.44
State,Utah,2014,Number,145000
State,Utah,2016,Number,153000
State,Utah,2016,Percent,0.44
State,Utah,2012,Percent,0.46
State,Utah,2012,Number,152000
State,Utah,2011,Number,153000
State,Utah,2011,Percent,0.47
State,Utah,2015,Number,149000
State,Utah,2015,Percent,0.44
State,Utah,2010,Percent,0.46
State,Utah,2010,Number,147000
State,Utah,2013,Number,151000
State,Utah,2009,Percent,0.49
State,Utah,2009,Number,167000
State,Utah,2008,Percent,0.44
State,Utah,2008,Number,147000
State,Utah,2013,Percent,0.45
State,Utah,2007,Number,146000
State,Utah,2007,Percent,0.44
State,Utah,2006,Percent,0.45
State,Utah,2006,Number,145000
State,Utah,2005,Number,122000
State,Utah,2005,Percent,0.41
State,Utah,2004,Percent,0.42
State,Utah,2004,Number,127000
State,Utah,2003,Number,125000
State,Utah,2003,Percent,0.42
State,Utah,2001,Number,113000
State,Utah,2002,Percent,0.41
State,Utah,2002,Number,121000
State,Utah,2001,Percent,0.37
State,Utah,2000,Percent,0.39
State,Utah,2000,Number,126000
State,Vermont,2000,Number,17000
State,Vermont,2000,Percent,0.37
State,Vermont,2001,Percent,0.37
State,Vermont,2002,Number,19000
State,Vermont,2002,Percent,0.39
State,Vermont,2001,Number,18000
State,Vermont,2003,Percent,0.35
State,Vermont,2003,Number,18000
State,Vermont,2004,Number,20000
State,Vermont,2004,Percent,0.41
State,Vermont,2005,Number,22000
State,Vermont,2005,Percent,0.44
State,Vermont,2006,Number,33000
State,Vermont,2006,Percent,0.52
State,Vermont,2007,Percent,0.56
State,Vermont,2007,Number,35000
State,Vermont,2008,Number,34000
State,Vermont,2008,Percent,0.54
State,Vermont,2009,Percent,0.54
State,Vermont,2009,Number,37000
State,Vermont,2013,Number,36000
State,Vermont,2013,Percent,0.55
State,Vermont,2010,Number,36000
State,Vermont,2010,Percent,0.55
State,Vermont,2015,Percent,0.62
State,Vermont,2015,Number,41000
State,Vermont,2011,Number,40000
State,Vermont,2011,Percent,0.61
State,Vermont,2012,Number,40000
State,Vermont,2012,Percent,0.6
State,Vermont,2016,Percent,0.57
State,Vermont,2016,Number,38000
State,Vermont,2014,Number,36000
State,Vermont,2014,Percent,0.55
State,Virginia,2014,Number,425000
State,Virginia,2016,Number,421000
State,Virginia,2016,Percent,0.51
State,Virginia,2012,Percent,0.51
State,Virginia,2014,Percent,0.51
State,Virginia,2012,Number,425000
State,Virginia,2011,Percent,0.51
State,Virginia,2011,Number,421000
State,Virginia,2015,Number,420000
State,Virginia,2015,Percent,0.51
State,Virginia,2010,Percent,0.5
State,Virginia,2010,Number,401000
State,Virginia,2013,Number,422000
State,Virginia,2009,Number,418000
State,Virginia,2009,Percent,0.5
State,Virginia,2008,Percent,0.47
State,Virginia,2008,Number,377000
State,Virginia,2013,Percent,0.51
State,Virginia,2007,Number,379000
State,Virginia,2007,Percent,0.48
State,Virginia,2006,Percent,0.47
State,Virginia,2006,Number,359000
State,Virginia,2005,Number,277000
State,Virginia,2004,Percent,0.39
State,Virginia,2004,Number,253000
State,Virginia,2005,Percent,0.42
State,Virginia,2003,Number,269000
State,Virginia,2003,Percent,0.43
State,Virginia,2001,Number,225000
State,Virginia,2002,Percent,0.39
State,Virginia,2002,Number,239000
State,Virginia,2001,Percent,0.39
State,Virginia,2000,Percent,0.39
State,Virginia,2000,Number,213000
State,Washington,2000,Number,175000
State,Washington,2000,Percent,0.36
State,Washington,2001,Percent,0.37
State,Washington,2002,Number,201000
State,Washington,2002,Percent,0.37
State,Washington,2001,Number,194000
State,Washington,2003,Percent,0.37
State,Washington,2003,Number,204000
State,Washington,2005,Percent,0.36
State,Washington,2004,Number,227000
State,Washington,2004,Percent,0.39
State,Washington,2005,Number,212000
State,Washington,2006,Number,247000
State,Washington,2006,Percent,0.4
State,Washington,2007,Percent,0.4
State,Washington,2007,Number,242000
State,Washington,2008,Number,257000
State,Washington,2008,Percent,0.42
State,Washington,2009,Percent,0.41
State,Washington,2009,Number,267000
State,Washington,2013,Number,288000
State,Washington,2013,Percent,0.43
State,Washington,2010,Number,283000
State,Washington,2010,Percent,0.43
State,Washington,2015,Percent,0.43
State,Washington,2015,Number,287000
State,Washington,2011,Number,285000
State,Washington,2011,Percent,0.43
State,Washington,2014,Percent,0.43
State,Washington,2012,Percent,0.43
State,Washington,2012,Number,288000
State,Washington,2016,Percent,0.45
State,Washington,2016,Number,296000
State,Washington,2014,Number,288000
State,West Virginia,2014,Number,75000
State,West Virginia,2016,Number,73000
State,West Virginia,2016,Percent,0.45
State,West Virginia,2012,Percent,0.45
State,West Virginia,2014,Percent,0.44
State,West Virginia,2012,Number,80000
State,West Virginia,2011,Number,76000
State,West Virginia,2011,Percent,0.44
State,West Virginia,2015,Number,72000
State,West Virginia,2015,Percent,0.44
State,West Virginia,2010,Percent,0.45
State,West Virginia,2010,Number,78000
State,West Virginia,2013,Percent,0.43
State,West Virginia,2013,Number,76000
State,West Virginia,2009,Number,73000
State,West Virginia,2009,Percent,0.43
State,West Virginia,2008,Percent,0.42
State,West Virginia,2008,Number,69000
State,West Virginia,2007,Number,69000
State,West Virginia,2007,Percent,0.42
State,West Virginia,2006,Percent,0.43
State,West Virginia,2006,Number,71000
State,West Virginia,2005,Number,57000
State,West Virginia,2004,Percent,0.38
State,West Virginia,2004,Number,58000
State,West Virginia,2005,Percent,0.37
State,West Virginia,2003,Number,57000
State,West Virginia,2003,Percent,0.35
State,West Virginia,2001,Number,56000
State,West Virginia,2002,Percent,0.31
State,West Virginia,2002,Number,48000
State,West Virginia,2001,Percent,0.36
State,West Virginia,2000,Percent,0.24
State,West Virginia,2000,Number,34000
State,Wisconsin,2000,Number,181000
State,Wisconsin,2000,Percent,0.37
State,Wisconsin,2001,Percent,0.36
State,Wisconsin,2002,Percent,0.37
State,Wisconsin,2002,Number,181000
State,Wisconsin,2001,Number,174000
State,Wisconsin,2003,Percent,0.37
State,Wisconsin,2003,Number,184000
State,Wisconsin,2004,Percent,0.39
State,Wisconsin,2004,Number,199000
State,Wisconsin,2005,Percent,0.42
State,Wisconsin,2005,Number,212000
State,Wisconsin,2006,Number,255000
State,Wisconsin,2006,Percent,0.46
State,Wisconsin,2007,Percent,0.48
State,Wisconsin,2007,Number,265000
State,Wisconsin,2008,Number,267000
State,Wisconsin,2008,Percent,0.48
State,Wisconsin,2009,Number,289000
State,Wisconsin,2009,Percent,0.49
State,Wisconsin,2013,Percent,0.51
State,Wisconsin,2013,Number,287000
State,Wisconsin,2010,Number,276000
State,Wisconsin,2010,Percent,0.5
State,Wisconsin,2015,Percent,0.5
State,Wisconsin,2015,Number,282000
State,Wisconsin,2011,Number,280000
State,Wisconsin,2011,Percent,0.5
State,Wisconsin,2012,Number,288000
State,Wisconsin,2014,Percent,0.5
State,Wisconsin,2012,Percent,0.52
State,Wisconsin,2016,Percent,0.52
State,Wisconsin,2016,Number,290000
State,Wisconsin,2014,Number,281000
State,Wyoming,2014,Number,25000
State,Wyoming,2016,Number,22000
State,Wyoming,2016,Percent,0.41
State,Wyoming,2012,Percent,0.44
State,Wyoming,2014,Percent,0.43
State,Wyoming,2012,Number,26000
State,Wyoming,2011,Number,23000
State,Wyoming,2011,Percent,0.41
State,Wyoming,2015,Number,23000
State,Wyoming,2015,Percent,0.39
State,Wyoming,2010,Percent,0.42
State,Wyoming,2010,Number,24000
State,Wyoming,2013,Percent,0.41
State,Wyoming,2013,Number,24000
State,Wyoming,2009,Number,26000
State,Wyoming,2009,Percent,0.45
State,Wyoming,2008,Number,20000
State,Wyoming,2008,Percent,0.37
State,Wyoming,2007,Percent,0.36
State,Wyoming,2007,Number,20000
State,Wyoming,2006,Percent,0.38
State,Wyoming,2006,Number,21000
State,Wyoming,2005,Number,17000
State,Wyoming,2005,Percent,0.33
State,Wyoming,2004,Percent,0.29
State,Wyoming,2004,Number,15000
State,Wyoming,2003,Number,14000
State,Wyoming,2003,Percent,0.28
State,Wyoming,2001,Number,13000
State,Wyoming,2002,Percent,0.27
State,Wyoming,2002,Number,13000
State,Wyoming,2001,Percent,0.27
State,Wyoming,2000,Percent,0.29
State,Wyoming,2000,Number,12000
Territory,Puerto Rico,2005,Number,186000
Territory,Puerto Rico,2005,Percent,0.46
Territory,Puerto Rico,2006,Number,176000
Territory,Puerto Rico,2006,Percent,0.43
Territory,Puerto Rico,2007,Percent,0.46
Territory,Puerto Rico,2007,Number,183000
Territory,Puerto Rico,2008,Percent,0.49
Territory,Puerto Rico,2008,Number,197000
Territory,Puerto Rico,2009,Percent,0.48
Territory,Puerto Rico,2009,Number,197000
Territory,Puerto Rico,2013,Number,194000
Territory,Puerto Rico,2013,Percent,0.5
Territory,Puerto Rico,2010,Number,183000
Territory,Puerto Rico,2010,Percent,0.48
Territory,Puerto Rico,2015,Number,193000
Territory,Puerto Rico,2015,Percent,0.55
Territory,Puerto Rico,2011,Percent,0.5
Territory,Puerto Rico,2011,Number,193000
Territory,Puerto Rico,2014,Percent,0.53
Territory,Puerto Rico,2012,Percent,0.51
Territory,Puerto Rico,2012,Number,197000
Territory,Puerto Rico,2016,Percent,0.57
Territory,Puerto Rico,2016,Number,194000
Territory,Puerto Rico,2014,Number,198000
